{
  "last_awake_t": 1771950132.7825139,
  "experience_count": 7,
  "physics_jitter": 5.212548838560508e-05
}